_id,createTime,updateTime,menuType,menuState,menuName,icon,path,__v,parentId[0],parentId[1],component,menuCode
65d0ce8a848da6578c813a7f,2021-04-04T13:23:49.765Z,2023-05-17T16:10:33.549Z,1,1,系统管理,Setting,/system,0,,,,
65d0cea9848da6578c813a82,2021-04-04T13:23:49.765Z,2023-05-17T16:11:36.256Z,1,1,用户管理,User,/system/user,0,65d0ce8a848da6578c813a7f,,User,
65d0ceb7848da6578c813a85,2021-04-04T13:23:49.765Z,2023-05-17T16:11:57.210Z,1,1,菜单管理,Menu,/system/menu,0,65d0ce8a848da6578c813a7f,,Menu,
65d0cec1848da6578c813a88,2021-04-24T05:00:05.659Z,2023-05-17T16:12:29.690Z,1,1,角色管理,Connection,/system/role,0,65d0ce8a848da6578c813a7f,,Role,
65d0cec8848da6578c813a8b,2021-05-09T07:17:23.890Z,2023-05-17T16:12:42.794Z,1,1,部门管理,Service,/system/dept,0,65d0ce8a848da6578c813a7f,,Dept,
65d0cedb848da6578c813a8e,2021-05-16T09:34:46.325Z,2021-05-16T09:34:46.325Z,2,1,新增,,,0,65d0ce8a848da6578c813a7f,65d0cea9848da6578c813a82,,user-create
65d0cee3848da6578c813a91,2021-05-16T09:34:46.325Z,2021-05-16T09:34:46.325Z,2,1,编辑,,,0,65d0ce8a848da6578c813a7f,65d0cea9848da6578c813a82,,user-edit
65d0ceec848da6578c813a94,2021-05-16T09:34:46.325Z,2021-05-16T09:34:46.325Z,2,1,删除,,,0,65d0ce8a848da6578c813a7f,65d0cea9848da6578c813a82,,user-delete
65d0cef3848da6578c813a97,2021-05-16T09:34:46.325Z,2021-05-16T09:34:46.325Z,2,1,批量删除,,,0,65d0ce8a848da6578c813a7f,65d0cea9848da6578c813a82,,user-patch-delete
65d0ceff848da6578c813a9a,2021-04-24T05:00:05.659Z,2021-04-24T05:00:05.659Z,2,1,查看,,,0,65d0ce8a848da6578c813a7f,65d0ceb7848da6578c813a85,,menu_query
65d0cf07848da6578c813a9d,2021-05-16T09:34:46.325Z,2021-05-16T09:34:46.325Z,2,1,新增,,,0,65d0ce8a848da6578c813a7f,65d0ceb7848da6578c813a85,,menu-create
65d0cf1e848da6578c813aa0,2021-05-16T09:34:46.325Z,2021-05-16T09:34:46.325Z,2,1,编辑,,,0,65d0ce8a848da6578c813a7f,65d0ceb7848da6578c813a85,,menu-edit
65d0cf23848da6578c813aa3,2021-05-16T09:34:46.325Z,2021-05-16T09:34:46.325Z,2,1,删除,,,0,65d0ce8a848da6578c813a7f,65d0ceb7848da6578c813a85,,menu-delete
65d0cf2d848da6578c813aa6,2021-05-09T07:17:23.890Z,2021-05-16T09:40:51.253Z,2,1,查看,,,0,65d0ce8a848da6578c813a7f,65d0cec1848da6578c813a88,,role-query
65d0cf34848da6578c813aa9,2021-05-16T09:34:46.325Z,2021-05-16T09:34:46.325Z,2,1,创建,,,0,65d0ce8a848da6578c813a7f,65d0cec1848da6578c813a88,,role-create
65d0cf3b848da6578c813aac,2021-05-16T09:34:46.325Z,2021-05-16T09:34:46.325Z,2,1,编辑,,,0,65d0ce8a848da6578c813a7f,65d0cec1848da6578c813a88,,role-edit
65d0cf46848da6578c813aaf,2021-05-16T09:34:46.325Z,2021-05-16T09:34:46.325Z,2,1,设置权限,,,0,65d0ce8a848da6578c813a7f,65d0cec1848da6578c813a88,,role-setting
65d0cf4f848da6578c813ab2,2021-05-16T09:34:46.325Z,2021-05-16T09:34:46.325Z,2,1,删除,,,0,65d0ce8a848da6578c813a7f,65d0cec1848da6578c813a88,,role-delete
65d0cf5c848da6578c813ab5,2021-05-09T07:17:23.890Z,2021-05-09T07:17:23.890Z,2,1,查看,,,0,65d0ce8a848da6578c813a7f,65d0cec8848da6578c813a8b,,dept-query
65d0cf64848da6578c813ab8,2021-05-09T07:17:23.890Z,2021-05-09T07:17:23.890Z,2,1,创建,,,0,65d0ce8a848da6578c813a7f,65d0cec8848da6578c813a8b,,dept-create
65d0cf6e848da6578c813abb,2021-05-09T07:17:23.890Z,2021-05-09T07:17:23.890Z,2,1,编辑,,,0,65d0ce8a848da6578c813a7f,65d0cec8848da6578c813a8b,,dept-edit
65d0cf74848da6578c813abe,2021-05-09T07:17:23.890Z,2021-05-09T07:17:23.890Z,2,1,删除,,,0,65d0ce8a848da6578c813a7f,65d0cec8848da6578c813a8b,,dept-delete
65d0cf83848da6578c813ac1,2021-04-04T13:23:49.765Z,2023-05-17T16:11:02.556Z,1,1,审批管理,Promotion,/audit,0,,,,
65d0cf8d848da6578c813ac4,2021-05-23T08:38:08.857Z,2023-05-17T16:12:54.093Z,1,1,休假申请,Position,/audit/leave,0,65d0cf83848da6578c813ac1,,Leave,
65d0cf94848da6578c813ac7,2021-05-23T08:38:08.857Z,2023-05-17T16:13:08.356Z,1,1,待审批,CircleCheck,/audit/approve,0,65d0cf83848da6578c813ac1,,Approve,
65d0cf9c848da6578c813aca,2021-05-23T08:44:03.968Z,2021-05-23T08:44:03.968Z,2,1,查看,,,0,65d0cf83848da6578c813ac1,65d0cf8d848da6578c813ac4,,leave-query
65d0cfa4848da6578c813acd,2021-05-23T08:38:08.857Z,2024-02-17T15:07:41.195Z,2,1,查看,,,0,65d0cf83848da6578c813ac1,65d0cf94848da6578c813ac7,,approve-query
65d0cfa9848da6578c813ad0,2021-05-23T08:38:08.857Z,2024-02-17T15:07:41.195Z,2,1,审核,,,0,65d0cf83848da6578c813ac1,65d0cf94848da6578c813ac7,,approve-check
65d0cfb8848da6578c813ad3,2023-06-26T05:54:24.240Z,2023-06-26T05:54:24.240Z,1,1,商品管理,,/goods,0,,,,
65d0cfbf848da6578c813ad6,2023-06-26T05:54:24.240Z,2024-02-17T15:07:41.195Z,1,1,商品信息,Position,/goods/message,0,65d0cfb8848da6578c813ad3,,Message,
6616721827df5d2720f9db6c,2021-04-04T13:23:49.765Z,2024-04-10T11:05:26.184Z,1,1,三维管理,Three,/three,0,,,,
6616726827df5d2720f9db6f,2021-04-04T13:23:49.765Z,2024-04-10T11:45:00.060Z,1,1,cesium管理,Menu,/three/cesium,0,6616721827df5d2720f9db6c,,,
6616774327df5d2720f9dc39,2024-04-10T10:08:49.990Z,2024-04-11T00:48:31.408Z,1,1,cesium练习,,/three/cesium/cesium1,0,6616721827df5d2720f9db6c,6616726827df5d2720f9db6f,Cesium/cesium1,
6617430abca54a496ca60311,2021-04-04T13:23:49.765Z,2024-04-11T01:59:25.203Z,1,1,图层调整,,/three/cesium/cesium2,0,6616721827df5d2720f9db6c,6616726827df5d2720f9db6f,Cesium/cesium2,
661743b7bca54a496ca60338,2021-04-04T13:23:49.765Z,2024-04-13T07:09:25.376Z,1,1,加载图层,,/three/cesium/cesiumLayer,0,6616721827df5d2720f9db6c,6616726827df5d2720f9db6f,Cesium/cesiumLayer,
67490b914d74607024d7c442,2024-11-29T00:28:56.826Z,2024-11-29T00:28:56.826Z,1,1,测试功能,,,0,,,,
67490beb4d74607024d7c44e,2021-04-04T13:23:49.765Z,2026-04-09T12:36:26.057Z,1,1,AI问答,,,0,67490beb4d74607024d7c44e,,OtherFunction/AIAnswer,
67490c1b4d74607024d7c451,2021-04-04T13:23:49.765Z,2024-11-29T00:35:40.835Z,1,1,下拉树形,,/test/selectTree,0,67490beb4d74607024d7c44e,,Test/selectTree,
69d79be5bbf5d575241f35be,2026-04-09T11:57:36.614Z,2026-04-09T12:30:38.425Z,1,1,cesium图,,/test/three/cesium/cesiumLayer,0,67490beb4d74607024d7c44e,,,
69d79d90bbf5d575241f35eb,2026-04-09T11:57:36.614Z,2026-04-09T11:57:36.614Z,1,1,应用管理,manager,,0,,,,
69d79e24bbf5d575241f3604,2026-04-09T11:57:36.614Z,2026-04-09T11:57:36.614Z,1,1,11111,qww,,0,,,,
69d79e68bbf5d575241f360b,2026-04-09T11:57:36.614Z,2026-04-09T11:57:36.614Z,1,1,应用管理,,/manager,0,,,,
69d7a1208351c13c541b1350,2026-04-09T12:52:48.032Z,2026-04-09T12:52:48.032Z,1,1,111,,,0,,,,
69d7a1e68351c13c541b1366,2026-04-09T12:56:06.103Z,2026-04-09T12:56:06.103Z,1,1,2222,,,0,,,,
69d7a2232726046e5ce58050,2026-04-09T12:56:54.709Z,2026-04-09T12:56:54.709Z,1,1,213123,,,0,,,,
69d7a3212726046e5ce58061,2026-04-09T12:56:54.709Z,2026-04-09T13:00:44.132Z,1,1,应用管理,,/manager,0,,,,
69d7a34e2726046e5ce58064,2026-04-09T12:56:54.709Z,2026-04-09T13:03:00.837Z,1,1,AI问答,,/manager/AIAnswer,0,69d7a3212726046e5ce58061,,OtherFunction/AIAnswer,
