_id,captchaText,expiresAt,__v
6617843521c5c971f0840c74,f2uK,2024-04-11T06:38:25.854Z,0
6617845d21c5c971f0840c88,IVui,2024-04-11T06:39:05.598Z,0
661794f021c5c971f0840cb2,jazk,2024-04-11T07:49:48.425Z,0
66179efd21c5c971f0840cb5,yFWs,2024-04-11T08:32:41.961Z,0
6617a8bd21c5c971f0840cb8,ceZ9,2024-04-11T09:14:17.393Z,0
661a2be6cbe88e0c44abca97,OlGv,2024-04-13T06:58:26.069Z,0
661a2beacbe88e0c44abca9a,F1eQ,2024-04-13T06:58:30.222Z,0
661a2beacbe88e0c44abca9d,tXC3,2024-04-13T06:58:30.617Z,0
661a2beccbe88e0c44abcaa0,hkzZ,2024-04-13T06:58:32.109Z,0
661a2bedcbe88e0c44abcaa3,LEqL,2024-04-13T06:58:33.953Z,0
661a3a77cbe88e0c44abcb24,ILed,2024-04-13T08:00:35.028Z,0
661a491fcbe88e0c44abcb92,KUPo,2024-04-13T09:03:07.946Z,0
661c7f7d93436341d01053b2,DmaD,2024-04-15T01:19:37.524Z,0
661c7f8293436341d01053b5,9Imh,2024-04-15T01:19:42.710Z,0
661c822793436341d01053ce,Bydp,2024-04-15T01:30:59.887Z,0
661c822993436341d01053d1,g8Pu,2024-04-15T01:31:01.550Z,0
661c822b93436341d01053d4,KvU7,2024-04-15T01:31:03.465Z,0
661c916b93436341d010547f,nuFR,2024-04-15T02:36:07.345Z,0
661c916e93436341d0105482,5kcI,2024-04-15T02:36:10.489Z,0
661c917193436341d0105485,2Fax,2024-04-15T02:36:13.016Z,0
661cca05aa165e29342f39b8,kP61,2024-04-15T06:37:37.971Z,0
661cca13aa165e29342f39bb,gdEE,2024-04-15T06:37:51.550Z,0
661cca13aa165e29342f39be,3mZ8,2024-04-15T06:37:51.874Z,0
661cca16aa165e29342f39c1,XIPA,2024-04-15T06:37:54.796Z,0
661ccaddaa165e29342f39c4,IzKI,2024-04-15T06:41:13.614Z,0
661ccaddaa165e29342f39c7,0Yoq,2024-04-15T06:41:13.918Z,0
661ccaf7aa165e29342f39ca,6GTl,2024-04-15T06:41:39.242Z,0
661ccb05aa165e29342f39cd,mDTT,2024-04-15T06:41:53.416Z,0
661ccbb6aa165e29342f39d0,0omy,2024-04-15T06:44:50.624Z,0
661ccbd3aa165e29342f39d3,nNSO,2024-04-15T06:45:19.212Z,0
661ccbe0aa165e29342f39d6,trl9,2024-04-15T06:45:32.158Z,0
661ccc00aa165e29342f39d9,Y8Lz,2024-04-15T06:46:04.957Z,0
661cd136b7b9002610c8b61f,4Sc8,2024-04-15T07:08:18.436Z,0
661cd13bb7b9002610c8b622,FBCq,2024-04-15T07:08:23.011Z,0
661cd13cb7b9002610c8b625,2QOC,2024-04-15T07:08:24.786Z,0
661cd13db7b9002610c8b628,5KjU,2024-04-15T07:08:25.093Z,0
661ce268b7b9002610c8b659,2r5I,2024-04-15T08:21:40.580Z,0
661ce2b2b7b9002610c8b65c,xOm7,2024-04-15T08:22:54.260Z,0
661cf1a1b7b9002610c8b6e7,y48s,2024-04-15T09:26:37.891Z,0
661cf1a3b7b9002610c8b6ea,9qfQ,2024-04-15T09:26:39.158Z,0
661cf1acb7b9002610c8b6ee,qPN1,2024-04-15T09:26:48.114Z,0
661cf1adb7b9002610c8b6f1,tsDe,2024-04-15T09:26:49.703Z,0
661e1a118559fb2ffca359f1,4YpS,2024-04-16T06:31:25.173Z,0
661e1a1e8559fb2ffca359f4,ex7U,2024-04-16T06:31:38.791Z,0
661e36f18559fb2ffca35a00,abQc,2024-04-16T08:34:37.343Z,0
661e3a6f8559fb2ffca35a03,LehI,2024-04-16T08:49:31.910Z,0
661e48918559fb2ffca35a73,vbiJ,2024-04-16T09:49:49.139Z,0
661e48928559fb2ffca35a76,XrgW,2024-04-16T09:49:50.281Z,0
661e48938559fb2ffca35a79,YK5T,2024-04-16T09:49:51.841Z,0
661e48948559fb2ffca35a7c,TbDe,2024-04-16T09:49:52.094Z,0
661e48958559fb2ffca35a7f,iprQ,2024-04-16T09:49:53.215Z,0
661f19e0aaa2d44d100e32c6,wsgw,2024-04-17T00:42:52.027Z,0
661f1a68aaa2d44d100e32cf,VcE4,2024-04-17T00:45:08.609Z,0
661f1ad8aaa2d44d100e32da,sSy3,2024-04-17T00:47:00.030Z,0
661f1c84aaa2d44d100e32de,9Fjs,2024-04-17T00:54:08.186Z,0
661f665e607fda4188fcfd50,KTbJ,2024-04-17T06:09:14.114Z,0
661f7712607fda4188fcfda3,WSVC,2024-04-17T07:20:30.886Z,0
661f7714607fda4188fcfda6,hEYO,2024-04-17T07:20:32.197Z,0
661f7715607fda4188fcfda9,1WzY,2024-04-17T07:20:33.904Z,0
661f86f4607fda4188fcfe52,f7tf,2024-04-17T08:28:16.383Z,0
661f881b607fda4188fcfe55,fR8C,2024-04-17T08:33:11.016Z,0
661f8845607fda4188fcfe58,cMgp,2024-04-17T08:33:53.930Z,0
661f8847607fda4188fcfe5b,CsRz,2024-04-17T08:33:55.700Z,0
661f9671607fda4188fcff0f,KGrv,2024-04-17T09:34:21.169Z,0
661f9673607fda4188fcff12,U4bq,2024-04-17T09:34:23.603Z,0
661f967c607fda4188fcff16,OBJj,2024-04-17T09:34:32.244Z,0
661f967d607fda4188fcff19,YUkq,2024-04-17T09:34:33.620Z,0
662079230fd5de5cc8aed41d,EFhJ,2024-04-18T01:41:35.571Z,0
66207f650fd5de5cc8aed420,vZaD,2024-04-18T02:08:17.270Z,0
662080cf0fd5de5cc8aed423,o6D8,2024-04-18T02:14:19.911Z,0
6620b79d0fd5de5cc8aed426,cn4v,2024-04-18T06:08:09.617Z,0
6620bcdc0fd5de5cc8aed429,4DIm,2024-04-18T06:30:32.749Z,0
6620cbe80fd5de5cc8aed4a3,gmJ7,2024-04-18T07:34:44.643Z,0
6620cbe90fd5de5cc8aed4a6,molT,2024-04-18T07:34:45.539Z,0
6620db3b0fd5de5cc8aed54e,owH0,2024-04-18T08:40:07.661Z,0
6620f11a0fd5de5cc8aed5ef,Awmw,2024-04-18T10:13:26.144Z,0
6620f1e70fd5de5cc8aed5f2,5A1f,2024-04-18T10:16:51.723Z,0
6620f1ef0fd5de5cc8aed5f5,Lp1l,2024-04-18T10:16:59.051Z,0
6621c54861145c616c3f6304,6hPV,2024-04-19T01:18:44.609Z,0
6621c54a61145c616c3f6307,3lOU,2024-04-19T01:18:46.207Z,0
6621c879ecdd4a6b6c335ee9,sZM4,2024-04-19T01:32:21.150Z,0
6621c880ecdd4a6b6c335eec,Iakk,2024-04-19T01:32:28.079Z,0
6621c88aecdd4a6b6c335eef,Tiky,2024-04-19T01:32:38.059Z,0
6621c931ecdd4a6b6c335ef2,pS7e,2024-04-19T01:35:25.262Z,0
6621c9caecdd4a6b6c335ef5,1VTE,2024-04-19T01:37:58.065Z,0
6621ca22ecdd4a6b6c335ef8,hNcd,2024-04-19T01:39:26.019Z,0
6621ca2cecdd4a6b6c335efb,gnOJ,2024-04-19T01:39:36.366Z,0
6621ca42ecdd4a6b6c335f09,Svzs,2024-04-19T01:39:58.626Z,0
6621ca4eecdd4a6b6c335f0c,6U8K,2024-04-19T01:40:10.121Z,0
6621ca52ecdd4a6b6c335f0f,CAAk,2024-04-19T01:40:14.884Z,0
6621ca54ecdd4a6b6c335f12,smsn,2024-04-19T01:40:16.745Z,0
6621cad1ecdd4a6b6c335f15,RqIR,2024-04-19T01:42:21.927Z,0
6621cae8ecdd4a6b6c335f18,Lu8J,2024-04-19T01:42:44.555Z,0
6621caececdd4a6b6c335f1b,K3lt,2024-04-19T01:42:48.477Z,0
6621cb39ecdd4a6b6c335f1e,4XSe,2024-04-19T01:44:05.686Z,0
6621cb3aecdd4a6b6c335f21,NtxC,2024-04-19T01:44:06.639Z,0
6621cb3eecdd4a6b6c335f24,4Ea5,2024-04-19T01:44:10.356Z,0
6621cb45ecdd4a6b6c335f27,rCpr,2024-04-19T01:44:17.219Z,0
6621cb9becdd4a6b6c335f2a,Gkcl,2024-04-19T01:45:43.179Z,0
6621cb9decdd4a6b6c335f2d,fzh8,2024-04-19T01:45:45.795Z,0
6621cbc3ecdd4a6b6c335f30,H3OF,2024-04-19T01:46:23.804Z,0
6621cbc9ecdd4a6b6c335f33,hG22,2024-04-19T01:46:29.104Z,0
6621cbccecdd4a6b6c335f36,r7Yw,2024-04-19T01:46:32.807Z,0
6622118e8b69074ebc63a1b7,S0o3,2024-04-19T06:44:10.468Z,0
662211b88b69074ebc63a1c2,WzO3,2024-04-19T06:44:52.446Z,0
662211e48b69074ebc63a1cd,ttCN,2024-04-19T06:45:36.962Z,0
6622129c8b69074ebc63a1e0,3W0t,2024-04-19T06:48:40.130Z,0
6622129e8b69074ebc63a1e3,6peO,2024-04-19T06:48:42.603Z,0
662212a18b69074ebc63a1e6,Ll7t,2024-04-19T06:48:45.619Z,0
662212be8b69074ebc63a202,ufr2,2024-04-19T06:49:14.059Z,0
662212c08b69074ebc63a205,WCUa,2024-04-19T06:49:16.222Z,0
662212fe8b69074ebc63a208,oFuD,2024-04-19T06:50:18.489Z,0
662213b28b69074ebc63a20b,QTWQ,2024-04-19T06:53:18.509Z,0
662216058b69074ebc63a20e,94Wo,2024-04-19T07:03:13.086Z,0
662216088b69074ebc63a211,oDHS,2024-04-19T07:03:16.279Z,0
662216098b69074ebc63a214,iV2C,2024-04-19T07:03:17.580Z,0
6622165c8b69074ebc63a220,6JgB,2024-04-19T07:04:40.154Z,0
662216988b69074ebc63a23e,wE4T,2024-04-19T07:05:40.670Z,0
662217318b69074ebc63a241,1h1q,2024-04-19T07:08:13.879Z,0
662217378b69074ebc63a244,wuVg,2024-04-19T07:08:19.135Z,0
662217388b69074ebc63a247,X7cf,2024-04-19T07:08:20.122Z,0
662217388b69074ebc63a24a,RfGF,2024-04-19T07:08:20.959Z,0
662217398b69074ebc63a24d,Z1o5,2024-04-19T07:08:21.338Z,0
662217a28b69074ebc63a250,TYDd,2024-04-19T07:10:06.453Z,0
662222409719250c14c83d7a,Xfso,2024-04-19T07:55:24.578Z,0
662222429719250c14c83d7d,PllS,2024-04-19T07:55:26.327Z,0
662222449719250c14c83d80,Oyt7,2024-04-19T07:55:28.083Z,0
6622227f9719250c14c83d88,ImSN,2024-04-19T07:56:27.279Z,0
662222819719250c14c83d8b,tMcY,2024-04-19T07:56:29.602Z,0
66222b3f9719250c14c83d99,21pO,2024-04-19T08:33:47.377Z,0
67305a38b208cb127c0ffb4d,inCB,2024-11-10T07:06:12.233Z,0
67305bcab208cb127c0ffb51,nFfX,2024-11-10T07:12:54.401Z,0
67490cc24d74607024d7c47d,J4Xg,2024-11-29T00:42:22.110Z,0
67490cc44d74607024d7c480,WWtV,2024-11-29T00:42:24.980Z,0
674922cc4d74607024d7c4c5,Wtmp,2024-11-29T02:16:24.520Z,0
67495c784d74607024d7c4c8,fgsR,2024-11-29T06:22:28.699Z,0
674971f94d74607024d7c4cb,ON6H,2024-11-29T07:54:13.518Z,0
67b71e4d958f583ba83ae51a,I4k0,2025-02-20T12:26:33.878Z,0
67b71e68958f583ba83ae51d,617B,2025-02-20T12:27:00.384Z,0
67b71e6b958f583ba83ae520,8CQH,2025-02-20T12:27:03.463Z,0
694d318affc0a73520d9576b,GoI3,2025-12-25T12:48:54.219Z,0
694d319affc0a73520d9576e,a4KN,2025-12-25T12:49:10.433Z,0
694d31afffc0a73520d95778,1Km4,2025-12-25T12:49:31.215Z,0
694d31b3ffc0a73520d9577b,JxLe,2025-12-25T12:49:35.283Z,0
694d31b4ffc0a73520d9577e,x78H,2025-12-25T12:49:36.604Z,0
694d31b6ffc0a73520d95781,pRVV,2025-12-25T12:49:38.172Z,0
694d31e0ffc0a73520d95794,YIuF,2025-12-25T12:50:20.974Z,0
694d3209ffc0a73520d9579a,PHIy,2025-12-25T12:51:01.353Z,0
694d35441a03f786146850ac,hyXK,2025-12-25T13:04:48.955Z,0
694d354d1a03f786146850af,xDSw,2025-12-25T13:04:57.556Z,0
694d354d1a03f786146850b2,lh48,2025-12-25T13:04:57.596Z,0
69d791d1900d9b6a64d501a3,xGKu,2026-04-09T11:52:29.261Z,0
69d79a44bbf5d575241f35af,qapZ,2026-04-09T12:28:32.481Z,0
69d7a6c6c5916689a06511d0,6Xbk,2026-04-09T13:21:54.570Z,0
69d7a6d0c5916689a06511d3,oiZx,2026-04-09T13:22:04.971Z,0
